source_table,target_table,source_column,target_column
CarePlan,care_plan,,
CarePlan,care_plan,id,id
CarePlan,care_plan,resourceType,resource_type
CarePlan,care_plan,meta_versionId,meta_version_id
CarePlan,care_plan,meta_lastUpdated,meta_last_updated
CarePlan,care_plan,meta_profile_0,meta_profile_0
CarePlan,care_plan,text_status,text_status
CarePlan,care_plan,text_div,text_div
CarePlan,care_plan,identifier_0_system,identifier_0_system
CarePlan,care_plan,identifier_0_value,identifier_0_value
CarePlan,care_plan,instantiatesCanonical_0,instantiates_canonical_0
CarePlan,care_plan,status,status
CarePlan,care_plan,intent,intent
CarePlan,care_plan,category_0_coding_0_system,category_0_coding_0_system
CarePlan,care_plan,category_0_coding_0_code,category_0_coding_0_code
CarePlan,care_plan,category_0_coding_0_display,category_0_coding_0_display
CarePlan,care_plan,title,title
CarePlan,care_plan,description,description
CarePlan,care_plan,subject_reference,subject_reference
CarePlan,care_plan,subject_display,subject_display
CarePlan,care_plan,encounter_reference,encounter_reference
CarePlan,care_plan,period_start,period_start
CarePlan,care_plan,period_end,period_end
CarePlan,care_plan,created,created
CarePlan,care_plan,author_reference,author_reference
CarePlan,care_plan,author_display,author_display
CarePlan,care_plan,contributor_0_reference,contributor_0_reference
CarePlan,care_plan,contributor_0_display,contributor_0_display
CarePlan,care_plan,contributor_1_reference,contributor_1_reference
CarePlan,care_plan,contributor_1_display,contributor_1_display
CarePlan,care_plan,careTeam_0_reference,care_team_0_reference
CarePlan,care_plan,addresses_0_reference,addresses_0_reference
CarePlan,care_plan,addresses_0_display,addresses_0_display
CarePlan,care_plan,supportingInfo_0_reference,supporting_info_0_reference
CarePlan,care_plan,supportingInfo_0_display,supporting_info_0_display
CarePlan,care_plan,goal_0_reference,goal_0_reference
CarePlan,care_plan,goal_0_display,goal_0_display
CarePlan,care_plan,goal_1_reference,goal_1_reference
CarePlan,care_plan,goal_1_display,goal_1_display
CarePlan,care_plan,activity_0_kind,activity_0_kind
CarePlan,care_plan,activity_0_status,activity_0_status
CarePlan,care_plan,activity_0_statusReason_coding_0_system,activity_0_status_reason_coding_0_system
CarePlan,care_plan,activity_0_statusReason_coding_0_code,activity_0_status_reason_coding_0_code
CarePlan,care_plan,activity_0_statusReason_coding_0_display,activity_0_status_reason_coding_0_display
CarePlan,care_plan,activity_0_reference_reference,activity_0_reference_reference
CarePlan,care_plan,activity_0_reference_display,activity_0_reference_display
CarePlan,care_plan,activity_0_detail_kind,activity_0_detail_kind
CarePlan,care_plan,activity_0_detail_status,activity_0_detail_status
CarePlan,care_plan,activity_0_detail_doNotPerform,activity_0_detail_do_not_perform
CarePlan,care_plan,activity_0_detail_scheduledTiming_repeat_periodUnit,activity_0_detail_scheduled_timing_repeat_period_unit
CarePlan,care_plan,activity_0_detail_location_reference,activity_0_detail_location_reference
CarePlan,care_plan,activity_0_detail_location_display,activity_0_detail_location_display
CarePlan,care_plan,activity_0_detail_performer_0_reference,activity_0_detail_performer_0_reference
CarePlan,care_plan,activity_0_detail_description,activity_0_detail_description
CarePlan,care_plan,activity_1_kind,activity_1_kind
CarePlan,care_plan,activity_1_status,activity_1_status
CarePlan,care_plan,activity_1_reference_reference,activity_1_reference_reference
CarePlan,care_plan,activity_1_reference_display,activity_1_reference_display
CarePlan,care_plan,activity_1_detail_kind,activity_1_detail_kind
CarePlan,care_plan,activity_1_detail_status,activity_1_detail_status
CarePlan,care_plan,activity_1_detail_doNotPerform,activity_1_detail_do_not_perform
CarePlan,care_plan,activity_1_detail_scheduledTiming_repeat_periodUnit,activity_1_detail_scheduled_timing_repeat_period_unit
CarePlan,care_plan,activity_1_detail_description,activity_1_detail_description
CarePlan,care_plan,activity_2_kind,activity_2_kind
CarePlan,care_plan,activity_2_status,activity_2_status
CarePlan,care_plan,activity_2_reference_reference,activity_2_reference_reference
CarePlan,care_plan,activity_2_reference_display,activity_2_reference_display
CarePlan,care_plan,activity_2_detail_kind,activity_2_detail_kind
CarePlan,care_plan,activity_2_detail_status,activity_2_detail_status
CarePlan,care_plan,activity_2_detail_doNotPerform,activity_2_detail_do_not_perform
CarePlan,care_plan,activity_2_detail_scheduledTiming_repeat_periodUnit,activity_2_detail_scheduled_timing_repeat_period_unit
CarePlan,care_plan,activity_2_detail_description,activity_2_detail_description
CarePlan,care_plan,activity_3_kind,activity_3_kind
CarePlan,care_plan,activity_3_status,activity_3_status
CarePlan,care_plan,activity_3_reference_reference,activity_3_reference_reference
CarePlan,care_plan,activity_3_reference_display,activity_3_reference_display
CarePlan,care_plan,activity_3_detail_kind,activity_3_detail_kind
CarePlan,care_plan,activity_3_detail_status,activity_3_detail_status
CarePlan,care_plan,activity_3_detail_doNotPerform,activity_3_detail_do_not_perform
CarePlan,care_plan,activity_3_detail_description,activity_3_detail_description
CarePlan,care_plan,activity_4_kind,activity_4_kind
CarePlan,care_plan,activity_4_status,activity_4_status
CarePlan,care_plan,activity_4_reference_reference,activity_4_reference_reference
CarePlan,care_plan,activity_4_reference_display,activity_4_reference_display
CarePlan,care_plan,activity_4_detail_kind,activity_4_detail_kind
CarePlan,care_plan,activity_4_detail_status,activity_4_detail_status
CarePlan,care_plan,activity_4_detail_doNotPerform,activity_4_detail_do_not_perform
CarePlan,care_plan,activity_4_detail_scheduledTiming_repeat_periodUnit,activity_4_detail_scheduled_timing_repeat_period_unit
CarePlan,care_plan,activity_4_detail_description,activity_4_detail_description
CarePlan,care_plan,note_0_authorReference_reference,note_0_author_reference_reference
CarePlan,care_plan,note_0_time,note_0_time
CarePlan,care_plan,note_0_text,note_0_text
CarePlan,care_plan,createdAt,created_at
CarePlan,care_plan,updatedAt,updated_at
CarePlan,care_plan,isDeleted,is_deleted
Condition,condition,,
Condition,condition,id,id
Condition,condition,resourceType,resource_type
Condition,condition,meta_versionId,meta_version_id
Condition,condition,meta_lastUpdated,meta_last_updated
Condition,condition,meta_profile_0,meta_profile_0
Condition,condition,clinicalStatus_coding_0_system,clinical_status_coding_0_system
Condition,condition,clinicalStatus_coding_0_code,clinical_status_coding_0_code
Condition,condition,clinicalStatus_coding_0_display,clinical_status_coding_0_display
Condition,condition,verificationStatus_coding_0_system,verification_status_coding_0_system
Condition,condition,verificationStatus_coding_0_code,verification_status_coding_0_code
Condition,condition,verificationStatus_coding_0_display,verification_status_coding_0_display
Condition,condition,category_0_coding_0_system,category_0_coding_0_system
Condition,condition,category_0_coding_0_code,category_0_coding_0_code
Condition,condition,category_0_coding_0_display,category_0_coding_0_display
Condition,condition,code_coding_0_system,code_coding_0_system
Condition,condition,code_coding_0_code,code_coding_0_code
Condition,condition,code_coding_0_display,code_coding_0_display
Condition,condition,code_coding_1_system,code_coding_1_system
Condition,condition,code_coding_1_code,code_coding_1_code
Condition,condition,code_coding_1_display,code_coding_1_display
Condition,condition,code_text,code_text
Condition,condition,subject_reference,subject_reference
Condition,condition,subject_display,subject_display
Condition,condition,encounter_reference,encounter_reference
Condition,condition,onsetDateTime,onset_date_time
Condition,condition,recordedDate,recorded_date
Condition,condition,recorder_reference,recorder_reference
Condition,condition,recorder_display,recorder_display
Condition,condition,stage_0_summary_coding_0_system,stage_0_summary_coding_0_system
Condition,condition,stage_0_summary_coding_0_code,stage_0_summary_coding_0_code
Condition,condition,stage_0_summary_coding_0_display,stage_0_summary_coding_0_display
Condition,condition,stage_0_type_coding_0_system,stage_0_type_coding_0_system
Condition,condition,stage_0_type_coding_0_code,stage_0_type_coding_0_code
Condition,condition,stage_0_type_coding_0_display,stage_0_type_coding_0_display
Condition,condition,evidence_0_concept_coding_0_system,evidence_0_concept_coding_0_system
Condition,condition,evidence_0_concept_coding_0_code,evidence_0_concept_coding_0_code
Condition,condition,evidence_0_concept_coding_0_display,evidence_0_concept_coding_0_display
Condition,condition,evidence_1_concept_coding_0_system,evidence_1_concept_coding_0_system
Condition,condition,evidence_1_concept_coding_0_code,evidence_1_concept_coding_0_code
Condition,condition,evidence_1_concept_coding_0_display,evidence_1_concept_coding_0_display
Condition,condition,evidence_0_reference_reference,evidence_0_reference_reference
Condition,condition,evidence_0_reference_display,evidence_0_reference_display
Condition,condition,evidence_1_reference_reference,evidence_1_reference_reference
Condition,condition,evidence_1_reference_display,evidence_1_reference_display
Condition,condition,evidence_2_reference_reference,evidence_2_reference_reference
Condition,condition,evidence_2_reference_display,evidence_2_reference_display
Condition,condition,evidence_2_concept_coding_0_system,evidence_2_concept_coding_0_system
Condition,condition,evidence_2_concept_coding_0_code,evidence_2_concept_coding_0_code
Condition,condition,evidence_2_concept_coding_0_display,evidence_2_concept_coding_0_display
Condition,condition,bodySite_0_coding_0_system,body_site_0_coding_0_system
Condition,condition,bodySite_0_coding_0_code,body_site_0_coding_0_code
Condition,condition,bodySite_0_coding_0_display,body_site_0_coding_0_display
Condition,condition,note_0_authorReference_reference,note_0_author_reference_reference
Condition,condition,note_0_time,note_0_time
Condition,condition,note_0_text,note_0_text
Condition,condition,createdAt,created_at
Condition,condition,updatedAt,updated_at
Condition,condition,isDeleted,is_deleted
Encounter,encounter,,
Encounter,encounter,id,id
Encounter,encounter,resourceType,resource_type
Encounter,encounter,meta_versionId,meta_version_id
Encounter,encounter,meta_lastUpdated,meta_last_updated
Encounter,encounter,meta_profile_0,meta_profile_0
Encounter,encounter,text_status,text_status
Encounter,encounter,text_div,text_div
Encounter,encounter,identifier_0_system,identifier_0_system
Encounter,encounter,identifier_0_value,identifier_0_value
Encounter,encounter,status,status
Encounter,encounter,class_0_system,class_0_system
Encounter,encounter,class_0_code,class_0_code
Encounter,encounter,class_0_display,class_0_display
Encounter,encounter,type_0_coding_0_system,type_0_coding_0_system
Encounter,encounter,type_0_coding_0_code,type_0_coding_0_code
Encounter,encounter,type_0_coding_0_display,type_0_coding_0_display
Encounter,encounter,type_0_text,type_0_text
Encounter,encounter,reason_0_use,reason_0_use
Encounter,encounter,reason_0_value_coding_0_system,reason_0_value_coding_0_system
Encounter,encounter,reason_0_value_coding_0_code,reason_0_value_coding_0_code
Encounter,encounter,reason_0_value_coding_0_display,reason_0_value_coding_0_display
Encounter,encounter,subject_reference,subject_reference
Encounter,encounter,subject_display,subject_display
Encounter,encounter,participant_0_type_0_coding_0_system,participant_0_type_0_coding_0_system
Encounter,encounter,participant_0_type_0_coding_0_code,participant_0_type_0_coding_0_code
Encounter,encounter,participant_0_type_0_coding_0_display,participant_0_type_0_coding_0_display
Encounter,encounter,participant_0_actor_reference,participant_0_actor_reference
Encounter,encounter,participant_0_actor_display,participant_0_actor_display
Encounter,encounter,participant_1_type_0_coding_0_system,participant_1_type_0_coding_0_system
Encounter,encounter,participant_1_type_0_coding_0_code,participant_1_type_0_coding_0_code
Encounter,encounter,participant_1_type_0_coding_0_display,participant_1_type_0_coding_0_display
Encounter,encounter,participant_1_actor_reference,participant_1_actor_reference
Encounter,encounter,participant_1_actor_display,participant_1_actor_display
Encounter,encounter,period_start,period_start
Encounter,encounter,period_end,period_end
Encounter,encounter,length_unit,length_unit
Encounter,encounter,length_system,length_system
Encounter,encounter,length_code,length_code
Encounter,encounter,priority_coding_0_system,priority_coding_0_system
Encounter,encounter,priority_coding_0_code,priority_coding_0_code
Encounter,encounter,priority_coding_0_display,priority_coding_0_display
Encounter,encounter,location_0_location_reference,location_0_location_reference
Encounter,encounter,location_0_location_display,location_0_location_display
Encounter,encounter,location_0_status,location_0_status
Encounter,encounter,admission_admitSource_coding_0_system,admission_admit_source_coding_0_system
Encounter,encounter,admission_admitSource_coding_0_code,admission_admit_source_coding_0_code
Encounter,encounter,admission_admitSource_coding_0_display,admission_admit_source_coding_0_display
Encounter,encounter,admission_dischargeDisposition_coding_0_system,admission_discharge_disposition_coding_0_system
Encounter,encounter,admission_dischargeDisposition_coding_0_code,admission_discharge_disposition_coding_0_code
Encounter,encounter,admission_dischargeDisposition_coding_0_display,admission_discharge_disposition_coding_0_display
Encounter,encounter,admission_reAdmission_coding_0_system,admission_re_admission_coding_0_system
Encounter,encounter,admission_reAdmission_coding_0_code,admission_re_admission_coding_0_code
Encounter,encounter,admission_reAdmission_coding_0_display,admission_re_admission_coding_0_display
Encounter,encounter,serviceProvider_reference,service_provider_reference
Encounter,encounter,serviceProvider_display,service_provider_display
Encounter,encounter,partOf_reference,part_of_reference
Encounter,encounter,createdAt,created_at
Encounter,encounter,updatedAt,updated_at
Encounter,encounter,isDeleted,is_deleted
FallbackJson,fallback_json,,
FallbackJson,fallback_json,id,id
FallbackJson,fallback_json,resourceType,resource_type
FallbackJson,fallback_json,payload,payload
FallbackJson,fallback_json,createdAt,created_at
FallbackJson,fallback_json,updatedAt,updated_at
FallbackJson,fallback_json,isDeleted,is_deleted
FamilyMemberHistory,family_member_history,,
FamilyMemberHistory,family_member_history,id,id
FamilyMemberHistory,family_member_history,resourceType,resource_type
FamilyMemberHistory,family_member_history,meta_versionId,meta_version_id
FamilyMemberHistory,family_member_history,meta_lastUpdated,meta_last_updated
FamilyMemberHistory,family_member_history,meta_source,meta_source
FamilyMemberHistory,family_member_history,meta_profile_0,meta_profile_0
FamilyMemberHistory,family_member_history,meta_security_0_system,meta_security_0_system
FamilyMemberHistory,family_member_history,meta_security_0_code,meta_security_0_code
FamilyMemberHistory,family_member_history,meta_security_0_display,meta_security_0_display
FamilyMemberHistory,family_member_history,meta_tag_0_system,meta_tag_0_system
FamilyMemberHistory,family_member_history,meta_tag_0_code,meta_tag_0_code
FamilyMemberHistory,family_member_history,meta_tag_0_display,meta_tag_0_display
FamilyMemberHistory,family_member_history,text_status,text_status
FamilyMemberHistory,family_member_history,text_div,text_div
FamilyMemberHistory,family_member_history,identifier_0_use,identifier_0_use
FamilyMemberHistory,family_member_history,identifier_0_type_coding_0_system,identifier_0_type_coding_0_system
FamilyMemberHistory,family_member_history,identifier_0_type_coding_0_code,identifier_0_type_coding_0_code
FamilyMemberHistory,family_member_history,identifier_0_type_coding_0_display,identifier_0_type_coding_0_display
FamilyMemberHistory,family_member_history,identifier_0_system,identifier_0_system
FamilyMemberHistory,family_member_history,identifier_0_value,identifier_0_value
FamilyMemberHistory,family_member_history,identifier_0_period_start,identifier_0_period_start
FamilyMemberHistory,family_member_history,identifier_0_period_end,identifier_0_period_end
FamilyMemberHistory,family_member_history,identifier_0_assigner_display,identifier_0_assigner_display
FamilyMemberHistory,family_member_history,instantiatesCanonical_0,instantiates_canonical_0
FamilyMemberHistory,family_member_history,instantiatesUri_0,instantiates_uri_0
FamilyMemberHistory,family_member_history,status,status
FamilyMemberHistory,family_member_history,dataAbsentReason_coding_0_system,data_absent_reason_coding_0_system
FamilyMemberHistory,family_member_history,dataAbsentReason_coding_0_code,data_absent_reason_coding_0_code
FamilyMemberHistory,family_member_history,dataAbsentReason_coding_0_display,data_absent_reason_coding_0_display
FamilyMemberHistory,family_member_history,dataAbsentReason_text,data_absent_reason_text
FamilyMemberHistory,family_member_history,patient_reference,patient_reference
FamilyMemberHistory,family_member_history,patient_display,patient_display
FamilyMemberHistory,family_member_history,date,date
FamilyMemberHistory,family_member_history,name,name
FamilyMemberHistory,family_member_history,relationship_coding_0_system,relationship_coding_0_system
FamilyMemberHistory,family_member_history,relationship_coding_0_code,relationship_coding_0_code
FamilyMemberHistory,family_member_history,relationship_coding_0_display,relationship_coding_0_display
FamilyMemberHistory,family_member_history,relationship_text,relationship_text
FamilyMemberHistory,family_member_history,sex_coding_0_system,sex_coding_0_system
FamilyMemberHistory,family_member_history,sex_coding_0_code,sex_coding_0_code
FamilyMemberHistory,family_member_history,sex_coding_0_display,sex_coding_0_display
FamilyMemberHistory,family_member_history,sex_text,sex_text
FamilyMemberHistory,family_member_history,born_valueDateTime,born_value_date_time
FamilyMemberHistory,family_member_history,born_valuePeriod_start,born_value_period_start
FamilyMemberHistory,family_member_history,born_valuePeriod_end,born_value_period_end
FamilyMemberHistory,family_member_history,born_valueString,born_value_string
FamilyMemberHistory,family_member_history,age_valueAge_unit,age_value_age_unit
FamilyMemberHistory,family_member_history,age_valueAge_system,age_value_age_system
FamilyMemberHistory,family_member_history,age_valueAge_code,age_value_age_code
FamilyMemberHistory,family_member_history,age_valueRange_low_unit,age_value_range_low_unit
FamilyMemberHistory,family_member_history,age_valueRange_high_unit,age_value_range_high_unit
FamilyMemberHistory,family_member_history,age_valueString,age_value_string
FamilyMemberHistory,family_member_history,estimatedAge,estimated_age
FamilyMemberHistory,family_member_history,deceased_valueBoolean,deceased_value_boolean
FamilyMemberHistory,family_member_history,deceased_valueDateTime,deceased_value_date_time
FamilyMemberHistory,family_member_history,deceased_valueAge_unit,deceased_value_age_unit
FamilyMemberHistory,family_member_history,deceased_valueRange_low_unit,deceased_value_range_low_unit
FamilyMemberHistory,family_member_history,deceased_valueRange_high_unit,deceased_value_range_high_unit
FamilyMemberHistory,family_member_history,deceased_valueString,deceased_value_string
FamilyMemberHistory,family_member_history,reasonCode_0_coding_0_system,reason_code_0_coding_0_system
FamilyMemberHistory,family_member_history,reasonCode_0_coding_0_code,reason_code_0_coding_0_code
FamilyMemberHistory,family_member_history,reasonCode_0_coding_0_display,reason_code_0_coding_0_display
FamilyMemberHistory,family_member_history,reasonCode_0_text,reason_code_0_text
FamilyMemberHistory,family_member_history,reasonReference_0_reference,reason_reference_0_reference
FamilyMemberHistory,family_member_history,reasonReference_0_display,reason_reference_0_display
FamilyMemberHistory,family_member_history,participant_0_type_coding_0_system,participant_0_type_coding_0_system
FamilyMemberHistory,family_member_history,participant_0_type_coding_0_code,participant_0_type_coding_0_code
FamilyMemberHistory,family_member_history,participant_0_type_coding_0_display,participant_0_type_coding_0_display
FamilyMemberHistory,family_member_history,participant_0_actor_reference,participant_0_actor_reference
FamilyMemberHistory,family_member_history,participant_0_actor_display,participant_0_actor_display
FamilyMemberHistory,family_member_history,encounter_reference,encounter_reference
FamilyMemberHistory,family_member_history,encounter_display,encounter_display
FamilyMemberHistory,family_member_history,condition_0_code_coding_0_system,condition_0_code_coding_0_system
FamilyMemberHistory,family_member_history,condition_0_code_coding_0_code,condition_0_code_coding_0_code
FamilyMemberHistory,family_member_history,condition_0_code_coding_0_display,condition_0_code_coding_0_display
FamilyMemberHistory,family_member_history,condition_0_code_text,condition_0_code_text
FamilyMemberHistory,family_member_history,condition_0_outcome_coding_0_system,condition_0_outcome_coding_0_system
FamilyMemberHistory,family_member_history,condition_0_outcome_coding_0_code,condition_0_outcome_coding_0_code
FamilyMemberHistory,family_member_history,condition_0_outcome_coding_0_display,condition_0_outcome_coding_0_display
FamilyMemberHistory,family_member_history,condition_0_outcome_text,condition_0_outcome_text
FamilyMemberHistory,family_member_history,condition_0_contributedToDeath,condition_0_contributed_to_death
FamilyMemberHistory,family_member_history,condition_0_onsetAge_unit,condition_0_onset_age_unit
FamilyMemberHistory,family_member_history,condition_0_onsetAge_system,condition_0_onset_age_system
FamilyMemberHistory,family_member_history,condition_0_onsetAge_code,condition_0_onset_age_code
FamilyMemberHistory,family_member_history,condition_0_onsetString,condition_0_onset_string
FamilyMemberHistory,family_member_history,condition_0_note_0_text,condition_0_note_0_text
FamilyMemberHistory,family_member_history,note_0_text,note_0_text
FamilyMemberHistory,family_member_history,procedure_0_code_coding_0_system,procedure_0_code_coding_0_system
FamilyMemberHistory,family_member_history,procedure_0_code_coding_0_code,procedure_0_code_coding_0_code
FamilyMemberHistory,family_member_history,procedure_0_code_coding_0_display,procedure_0_code_coding_0_display
FamilyMemberHistory,family_member_history,procedure_0_code_text,procedure_0_code_text
FamilyMemberHistory,family_member_history,procedure_0_outcome_coding_0_system,procedure_0_outcome_coding_0_system
FamilyMemberHistory,family_member_history,procedure_0_outcome_coding_0_code,procedure_0_outcome_coding_0_code
FamilyMemberHistory,family_member_history,procedure_0_outcome_coding_0_display,procedure_0_outcome_coding_0_display
FamilyMemberHistory,family_member_history,procedure_0_outcome_text,procedure_0_outcome_text
FamilyMemberHistory,family_member_history,procedure_0_performedDateTime,procedure_0_performed_date_time
FamilyMemberHistory,family_member_history,procedure_0_performedPeriod_start,procedure_0_performed_period_start
FamilyMemberHistory,family_member_history,procedure_0_performedPeriod_end,procedure_0_performed_period_end
FamilyMemberHistory,family_member_history,procedure_0_note_0_text,procedure_0_note_0_text
FamilyMemberHistory,family_member_history,createdAt,created_at
FamilyMemberHistory,family_member_history,updatedAt,updated_at
FamilyMemberHistory,family_member_history,isDeleted,is_deleted
MedicationAdministration,medication_administration,,
MedicationAdministration,medication_administration,id,id
MedicationAdministration,medication_administration,resourceType,resource_type
MedicationAdministration,medication_administration,meta_versionId,meta_version_id
MedicationAdministration,medication_administration,meta_lastUpdated,meta_last_updated
MedicationAdministration,medication_administration,meta_profile_0,meta_profile_0
MedicationAdministration,medication_administration,status,status
MedicationAdministration,medication_administration,statusReason_0_coding_0_system,status_reason_0_coding_0_system
MedicationAdministration,medication_administration,statusReason_0_coding_0_code,status_reason_0_coding_0_code
MedicationAdministration,medication_administration,statusReason_0_coding_0_display,status_reason_0_coding_0_display
MedicationAdministration,medication_administration,statusReason_0_text,status_reason_0_text
MedicationAdministration,medication_administration,category_0_coding_0_system,category_0_coding_0_system
MedicationAdministration,medication_administration,category_0_coding_0_code,category_0_coding_0_code
MedicationAdministration,medication_administration,category_0_coding_0_display,category_0_coding_0_display
MedicationAdministration,medication_administration,category_0_text,category_0_text
MedicationAdministration,medication_administration,medication_concept_coding_0_system,medication_concept_coding_0_system
MedicationAdministration,medication_administration,medication_concept_coding_0_code,medication_concept_coding_0_code
MedicationAdministration,medication_administration,medication_concept_coding_0_display,medication_concept_coding_0_display
MedicationAdministration,medication_administration,medication_concept_text,medication_concept_text
MedicationAdministration,medication_administration,medication_reference_reference,medication_reference_reference
MedicationAdministration,medication_administration,medication_reference_display,medication_reference_display
MedicationAdministration,medication_administration,subject_reference,subject_reference
MedicationAdministration,medication_administration,subject_display,subject_display
MedicationAdministration,medication_administration,encounter_reference,encounter_reference
MedicationAdministration,medication_administration,encounter_display,encounter_display
MedicationAdministration,medication_administration,occurenceDateTime,occurence_date_time
MedicationAdministration,medication_administration,occurencePeriod_start,occurence_period_start
MedicationAdministration,medication_administration,occurencePeriod_end,occurence_period_end
MedicationAdministration,medication_administration,occurenceTiming_event_0,occurence_timing_event_0
MedicationAdministration,medication_administration,occurenceString,occurence_string
MedicationAdministration,medication_administration,request_reference,request_reference
MedicationAdministration,medication_administration,request_display,request_display
MedicationAdministration,medication_administration,reason_0_concept_coding_0_system,reason_0_concept_coding_0_system
MedicationAdministration,medication_administration,reason_0_concept_coding_0_code,reason_0_concept_coding_0_code
MedicationAdministration,medication_administration,reason_0_concept_coding_0_display,reason_0_concept_coding_0_display
MedicationAdministration,medication_administration,reason_0_concept_text,reason_0_concept_text
MedicationAdministration,medication_administration,reason_0_reference_reference,reason_0_reference_reference
MedicationAdministration,medication_administration,reason_0_reference_display,reason_0_reference_display
MedicationAdministration,medication_administration,supportingInformation_0_reference,supporting_information_0_reference
MedicationAdministration,medication_administration,supportingInformation_0_display,supporting_information_0_display
MedicationAdministration,medication_administration,performer_0_function_coding_0_system,performer_0_function_coding_0_system
MedicationAdministration,medication_administration,performer_0_function_coding_0_code,performer_0_function_coding_0_code
MedicationAdministration,medication_administration,performer_0_function_coding_0_display,performer_0_function_coding_0_display
MedicationAdministration,medication_administration,performer_0_actor_reference,performer_0_actor_reference
MedicationAdministration,medication_administration,performer_0_actor_display,performer_0_actor_display
MedicationAdministration,medication_administration,performer_0_onBehalfOf_reference,performer_0_on_behalf_of_reference
MedicationAdministration,medication_administration,performer_0_onBehalfOf_display,performer_0_on_behalf_of_display
MedicationAdministration,medication_administration,dosage_site_coding_0_system,dosage_site_coding_0_system
MedicationAdministration,medication_administration,dosage_site_coding_0_code,dosage_site_coding_0_code
MedicationAdministration,medication_administration,dosage_site_coding_0_display,dosage_site_coding_0_display
MedicationAdministration,medication_administration,dosage_site_text,dosage_site_text
MedicationAdministration,medication_administration,dosage_route_coding_0_system,dosage_route_coding_0_system
MedicationAdministration,medication_administration,dosage_route_coding_0_code,dosage_route_coding_0_code
MedicationAdministration,medication_administration,dosage_route_coding_0_display,dosage_route_coding_0_display
MedicationAdministration,medication_administration,dosage_route_text,dosage_route_text
MedicationAdministration,medication_administration,dosage_method_coding_0_system,dosage_method_coding_0_system
MedicationAdministration,medication_administration,dosage_method_coding_0_code,dosage_method_coding_0_code
MedicationAdministration,medication_administration,dosage_method_coding_0_display,dosage_method_coding_0_display
MedicationAdministration,medication_administration,dosage_method_text,dosage_method_text
MedicationAdministration,medication_administration,dosage_dose_unit,dosage_dose_unit
MedicationAdministration,medication_administration,dosage_dose_system,dosage_dose_system
MedicationAdministration,medication_administration,dosage_dose_code,dosage_dose_code
MedicationAdministration,medication_administration,dosage_rateRatio_numerator_comparator,dosage_rate_ratio_numerator_comparator
MedicationAdministration,medication_administration,dosage_rateRatio_numerator_unit,dosage_rate_ratio_numerator_unit
MedicationAdministration,medication_administration,dosage_rateRatio_numerator_system,dosage_rate_ratio_numerator_system
MedicationAdministration,medication_administration,dosage_rateRatio_numerator_code,dosage_rate_ratio_numerator_code
MedicationAdministration,medication_administration,dosage_rateRatio_denominator_comparator,dosage_rate_ratio_denominator_comparator
MedicationAdministration,medication_administration,dosage_rateRatio_denominator_unit,dosage_rate_ratio_denominator_unit
MedicationAdministration,medication_administration,dosage_rateRatio_denominator_system,dosage_rate_ratio_denominator_system
MedicationAdministration,medication_administration,dosage_rateRatio_denominator_code,dosage_rate_ratio_denominator_code
MedicationAdministration,medication_administration,dosage_rateQuantity_unit,dosage_rate_quantity_unit
MedicationAdministration,medication_administration,dosage_rateQuantity_system,dosage_rate_quantity_system
MedicationAdministration,medication_administration,dosage_rateQuantity_code,dosage_rate_quantity_code
MedicationAdministration,medication_administration,device_0_concept_coding_0_system,device_0_concept_coding_0_system
MedicationAdministration,medication_administration,device_0_concept_coding_0_code,device_0_concept_coding_0_code
MedicationAdministration,medication_administration,device_0_concept_coding_0_display,device_0_concept_coding_0_display
MedicationAdministration,medication_administration,device_0_concept_text,device_0_concept_text
MedicationAdministration,medication_administration,device_0_reference_reference,device_0_reference_reference
MedicationAdministration,medication_administration,device_0_reference_display,device_0_reference_display
MedicationAdministration,medication_administration,note_0_authorReference_reference,note_0_author_reference_reference
MedicationAdministration,medication_administration,note_0_authorReference_display,note_0_author_reference_display
MedicationAdministration,medication_administration,note_0_time,note_0_time
MedicationAdministration,medication_administration,note_0_text,note_0_text
MedicationAdministration,medication_administration,createdAt,created_at
MedicationAdministration,medication_administration,updatedAt,updated_at
MedicationAdministration,medication_administration,isDeleted,is_deleted
MedicationRequest,medication_request,,
MedicationRequest,medication_request,id,id
MedicationRequest,medication_request,resourceType,resource_type
MedicationRequest,medication_request,meta_profile_0,meta_profile_0
MedicationRequest,medication_request,status,status
MedicationRequest,medication_request,statusChanged,status_changed
MedicationRequest,medication_request,statusReason_coding_0_system,status_reason_coding_0_system
MedicationRequest,medication_request,statusReason_coding_0_code,status_reason_coding_0_code
MedicationRequest,medication_request,statusReason_coding_0_display,status_reason_coding_0_display
MedicationRequest,medication_request,statusReason_text,status_reason_text
MedicationRequest,medication_request,intent,intent
MedicationRequest,medication_request,category_0_coding_0_system,category_0_coding_0_system
MedicationRequest,medication_request,category_0_coding_0_code,category_0_coding_0_code
MedicationRequest,medication_request,category_0_coding_0_display,category_0_coding_0_display
MedicationRequest,medication_request,category_0_text,category_0_text
MedicationRequest,medication_request,priority,priority
MedicationRequest,medication_request,doNotPerform,do_not_perform
MedicationRequest,medication_request,medication_concept_coding_0_system,medication_concept_coding_0_system
MedicationRequest,medication_request,medication_concept_coding_0_code,medication_concept_coding_0_code
MedicationRequest,medication_request,medication_concept_coding_0_display,medication_concept_coding_0_display
MedicationRequest,medication_request,medication_concept_text,medication_concept_text
MedicationRequest,medication_request,subject_reference,subject_reference
MedicationRequest,medication_request,subject_display,subject_display
MedicationRequest,medication_request,encounter_reference,encounter_reference
MedicationRequest,medication_request,informationSource_0_reference,information_source_0_reference
MedicationRequest,medication_request,informationSource_0_display,information_source_0_display
MedicationRequest,medication_request,authoredOn,authored_on
MedicationRequest,medication_request,requester_reference,requester_reference
MedicationRequest,medication_request,requester_display,requester_display
MedicationRequest,medication_request,reason_0_concept_coding_0_system,reason_0_concept_coding_0_system
MedicationRequest,medication_request,reason_0_concept_coding_0_code,reason_0_concept_coding_0_code
MedicationRequest,medication_request,reason_0_concept_coding_0_display,reason_0_concept_coding_0_display
MedicationRequest,medication_request,reason_0_concept_text,reason_0_concept_text
MedicationRequest,medication_request,insurance_0_reference,insurance_0_reference
MedicationRequest,medication_request,insurance_0_display,insurance_0_display
MedicationRequest,medication_request,groupIdentifier_system,group_identifier_system
MedicationRequest,medication_request,groupIdentifier_value,group_identifier_value
MedicationRequest,medication_request,basedOn_0_reference,based_on_0_reference
MedicationRequest,medication_request,note_0_authorReference_reference,note_0_author_reference_reference
MedicationRequest,medication_request,note_0_authorReference_display,note_0_author_reference_display
MedicationRequest,medication_request,note_0_time,note_0_time
MedicationRequest,medication_request,note_0_text,note_0_text
MedicationRequest,medication_request,dosageInstruction_0_text,dosage_instruction_0_text
MedicationRequest,medication_request,dosageInstruction_0_patientInstruction,dosage_instruction_0_patient_instruction
MedicationRequest,medication_request,dosageInstruction_0_timing_repeat_periodUnit,dosage_instruction_0_timing_repeat_period_unit
MedicationRequest,medication_request,dosageInstruction_0_timing_repeat_when_0,dosage_instruction_0_timing_repeat_when_0
MedicationRequest,medication_request,dosageInstruction_0_route_coding_0_system,dosage_instruction_0_route_coding_0_system
MedicationRequest,medication_request,dosageInstruction_0_route_coding_0_code,dosage_instruction_0_route_coding_0_code
MedicationRequest,medication_request,dosageInstruction_0_route_coding_0_display,dosage_instruction_0_route_coding_0_display
MedicationRequest,medication_request,dosageInstruction_0_route_text,dosage_instruction_0_route_text
MedicationRequest,medication_request,dosageInstruction_0_doseAndRate_0_doseQuantity_unit,dosage_instruction_0_dose_and_rate_0_dose_quantity_unit
MedicationRequest,medication_request,dosageInstruction_0_doseAndRate_0_doseQuantity_code,dosage_instruction_0_dose_and_rate_0_dose_quantity_code
MedicationRequest,medication_request,dosageInstruction_0_maxDosePerAdministration_value,dosage_instruction_0_max_dose_per_administration_value
MedicationRequest,medication_request,dosageInstruction_0_maxDosePerAdministration_unit,dosage_instruction_0_max_dose_per_administration_unit
MedicationRequest,medication_request,dosageInstruction_0_maxDosePerAdministration_system,dosage_instruction_0_max_dose_per_administration_system
MedicationRequest,medication_request,dosageInstruction_0_maxDosePerAdministration_code,dosage_instruction_0_max_dose_per_administration_code
MedicationRequest,medication_request,dispenseRequest_initialFill_quantity_value,dispense_request_initial_fill_quantity_value
MedicationRequest,medication_request,dispenseRequest_initialFill_quantity_unit,dispense_request_initial_fill_quantity_unit
MedicationRequest,medication_request,dispenseRequest_initialFill_quantity_system,dispense_request_initial_fill_quantity_system
MedicationRequest,medication_request,dispenseRequest_initialFill_quantity_code,dispense_request_initial_fill_quantity_code
MedicationRequest,medication_request,dispenseRequest_initialFill_duration_value,dispense_request_initial_fill_duration_value
MedicationRequest,medication_request,dispenseRequest_initialFill_duration_unit,dispense_request_initial_fill_duration_unit
MedicationRequest,medication_request,dispenseRequest_initialFill_duration_system,dispense_request_initial_fill_duration_system
MedicationRequest,medication_request,dispenseRequest_initialFill_duration_code,dispense_request_initial_fill_duration_code
MedicationRequest,medication_request,dispenseRequest_quantity_value,dispense_request_quantity_value
MedicationRequest,medication_request,dispenseRequest_quantity_unit,dispense_request_quantity_unit
MedicationRequest,medication_request,dispenseRequest_quantity_system,dispense_request_quantity_system
MedicationRequest,medication_request,dispenseRequest_quantity_code,dispense_request_quantity_code
MedicationRequest,medication_request,dispenseRequest_expectedSupplyDuration_value,dispense_request_expected_supply_duration_value
MedicationRequest,medication_request,dispenseRequest_expectedSupplyDuration_unit,dispense_request_expected_supply_duration_unit
MedicationRequest,medication_request,dispenseRequest_expectedSupplyDuration_system,dispense_request_expected_supply_duration_system
MedicationRequest,medication_request,dispenseRequest_expectedSupplyDuration_code,dispense_request_expected_supply_duration_code
MedicationRequest,medication_request,dispenseRequest_dispenser_reference,dispense_request_dispenser_reference
MedicationRequest,medication_request,dispenseRequest_dispenser_display,dispense_request_dispenser_display
MedicationRequest,medication_request,dispenseRequest_dispenserInstruction_0_text,dispense_request_dispenser_instruction_0_text
MedicationRequest,medication_request,dispenseRequest_dispenserInstruction_0_time,dispense_request_dispenser_instruction_0_time
MedicationRequest,medication_request,substitution_allowedBoolean,substitution_allowed_boolean
MedicationRequest,medication_request,substitution_reason_coding_0_system,substitution_reason_coding_0_system
MedicationRequest,medication_request,substitution_reason_coding_0_code,substitution_reason_coding_0_code
MedicationRequest,medication_request,substitution_reason_coding_0_display,substitution_reason_coding_0_display
MedicationRequest,medication_request,substitution_reason_text,substitution_reason_text
MedicationRequest,medication_request,eventHistory_0_reference,event_history_0_reference
MedicationRequest,medication_request,createdAt,created_at
MedicationRequest,medication_request,updatedAt,updated_at
MedicationRequest,medication_request,isDeleted,is_deleted
Medication,medication,,
Medication,medication,id,id
Medication,medication,resourceType,resource_type
Medication,medication,meta_versionId,meta_version_id
Medication,medication,meta_lastUpdated,meta_last_updated
Medication,medication,meta_source,meta_source
Medication,medication,meta_profile_0,meta_profile_0
Medication,medication,meta_security_0_system,meta_security_0_system
Medication,medication,meta_security_0_code,meta_security_0_code
Medication,medication,meta_security_0_display,meta_security_0_display
Medication,medication,meta_tag_0_system,meta_tag_0_system
Medication,medication,meta_tag_0_code,meta_tag_0_code
Medication,medication,meta_tag_0_display,meta_tag_0_display
Medication,medication,text_status,text_status
Medication,medication,text_div,text_div
Medication,medication,identifier_0_use,identifier_0_use
Medication,medication,identifier_0_type_coding_0_system,identifier_0_type_coding_0_system
Medication,medication,identifier_0_type_coding_0_code,identifier_0_type_coding_0_code
Medication,medication,identifier_0_type_coding_0_display,identifier_0_type_coding_0_display
Medication,medication,identifier_0_system,identifier_0_system
Medication,medication,identifier_0_value,identifier_0_value
Medication,medication,identifier_0_period_start,identifier_0_period_start
Medication,medication,identifier_0_period_end,identifier_0_period_end
Medication,medication,identifier_0_assigner_display,identifier_0_assigner_display
Medication,medication,identifier_1_use,identifier_1_use
Medication,medication,identifier_1_type_coding_0_system,identifier_1_type_coding_0_system
Medication,medication,identifier_1_type_coding_0_code,identifier_1_type_coding_0_code
Medication,medication,identifier_1_type_coding_0_display,identifier_1_type_coding_0_display
Medication,medication,identifier_1_system,identifier_1_system
Medication,medication,identifier_1_value,identifier_1_value
Medication,medication,identifier_1_period_start,identifier_1_period_start
Medication,medication,identifier_1_period_end,identifier_1_period_end
Medication,medication,identifier_1_assigner_display,identifier_1_assigner_display
Medication,medication,status,status
Medication,medication,code_coding_0_system,code_coding_0_system
Medication,medication,code_coding_0_code,code_coding_0_code
Medication,medication,code_coding_0_display,code_coding_0_display
Medication,medication,code_coding_1_system,code_coding_1_system
Medication,medication,code_coding_1_code,code_coding_1_code
Medication,medication,code_coding_1_display,code_coding_1_display
Medication,medication,code_text,code_text
Medication,medication,doseForm_coding_0_system,dose_form_coding_0_system
Medication,medication,doseForm_coding_0_code,dose_form_coding_0_code
Medication,medication,doseForm_coding_0_display,dose_form_coding_0_display
Medication,medication,doseForm_text,dose_form_text
Medication,medication,amount_numerator_comparator,amount_numerator_comparator
Medication,medication,amount_numerator_unit,amount_numerator_unit
Medication,medication,amount_numerator_system,amount_numerator_system
Medication,medication,amount_numerator_code,amount_numerator_code
Medication,medication,amount_denominator_comparator,amount_denominator_comparator
Medication,medication,amount_denominator_unit,amount_denominator_unit
Medication,medication,amount_denominator_system,amount_denominator_system
Medication,medication,amount_denominator_code,amount_denominator_code
Medication,medication,ingredient_0_item_concept_coding_0_system,ingredient_0_item_concept_coding_0_system
Medication,medication,ingredient_0_item_concept_coding_0_code,ingredient_0_item_concept_coding_0_code
Medication,medication,ingredient_0_item_concept_coding_0_display,ingredient_0_item_concept_coding_0_display
Medication,medication,ingredient_0_item_concept_text,ingredient_0_item_concept_text
Medication,medication,ingredient_0_item_reference,ingredient_0_item_reference
Medication,medication,ingredient_0_isActive,ingredient_0_is_active
Medication,medication,ingredient_0_strength_numerator_comparator,ingredient_0_strength_numerator_comparator
Medication,medication,ingredient_0_strength_numerator_unit,ingredient_0_strength_numerator_unit
Medication,medication,ingredient_0_strength_numerator_system,ingredient_0_strength_numerator_system
Medication,medication,ingredient_0_strength_numerator_code,ingredient_0_strength_numerator_code
Medication,medication,ingredient_0_strength_denominator_comparator,ingredient_0_strength_denominator_comparator
Medication,medication,ingredient_0_strength_denominator_unit,ingredient_0_strength_denominator_unit
Medication,medication,ingredient_0_strength_denominator_system,ingredient_0_strength_denominator_system
Medication,medication,ingredient_0_strength_denominator_code,ingredient_0_strength_denominator_code
Medication,medication,batch_lotNumber,batch_lot_number
Medication,medication,batch_expirationDate,batch_expiration_date
Medication,medication,manufacturer_reference,manufacturer_reference
Medication,medication,manufacturer_display,manufacturer_display
Medication,medication,marketingAuthorizationHolder_reference,marketing_authorization_holder_reference
Medication,medication,marketingAuthorizationHolder_display,marketing_authorization_holder_display
Medication,medication,pureSubstance_concept_coding_0_system,pure_substance_concept_coding_0_system
Medication,medication,pureSubstance_concept_coding_0_code,pure_substance_concept_coding_0_code
Medication,medication,pureSubstance_concept_coding_0_display,pure_substance_concept_coding_0_display
Medication,medication,pureSubstance_reference,pure_substance_reference
Medication,medication,note_0_text,note_0_text
Medication,medication,createdAt,created_at
Medication,medication,updatedAt,updated_at
Medication,medication,isDeleted,is_deleted
Observation,observation,,
Observation,observation,id,id
Observation,observation,resourceType,resource_type
Observation,observation,createdAt,created_at
Observation,observation,updatedAt,updated_at
Observation,observation,isDeleted,is_deleted
Observation,observation,status,status
Observation,observation,text_status,text_status
Observation,observation,text_div,text_div
Observation,observation,meta_versionId,meta_version_id
Observation,observation,meta_lastUpdated,meta_last_updated
Observation,observation,meta_profile_0,meta_profile_0
Observation,observation,effectiveDateTime,effective_date_time
Observation,observation,effectiveInstant,effective_instant
Observation,observation,effectivePeriod_start,effective_period_start
Observation,observation,effectivePeriod_end,effective_period_end
Observation,observation,issued,issued
Observation,observation,effectiveTiming_repeat_periodUnit,effective_timing_repeat_period_unit
Observation,observation,subject_reference,subject_reference
Observation,observation,subject_display,subject_display
Observation,observation,subject_type,subject_type
Observation,observation,encounter_reference,encounter_reference
Observation,observation,encounter_display,encounter_display
Observation,observation,encounter_type,encounter_type
Observation,observation,performer_0_reference,performer_0_reference
Observation,observation,performer_0_display,performer_0_display
Observation,observation,performer_0_type,performer_0_type
Observation,observation,performer_1_reference,performer_1_reference
Observation,observation,performer_1_display,performer_1_display
Observation,observation,performer_1_type,performer_1_type
Observation,observation,device_reference,device_reference
Observation,observation,device_display,device_display
Observation,observation,device_type,device_type
Observation,observation,specimen_reference,specimen_reference
Observation,observation,specimen_display,specimen_display
Observation,observation,specimen_type,specimen_type
Observation,observation,basedOn_0_reference,based_on_0_reference
Observation,observation,basedOn_0_display,based_on_0_display
Observation,observation,basedOn_0_type,based_on_0_type
Observation,observation,partOf_0_reference,part_of_0_reference
Observation,observation,partOf_0_display,part_of_0_display
Observation,observation,partOf_0_type,part_of_0_type
Observation,observation,hasMember_0_reference,has_member_0_reference
Observation,observation,hasMember_0_display,has_member_0_display
Observation,observation,hasMember_0_type,has_member_0_type
Observation,observation,hasMember_1_reference,has_member_1_reference
Observation,observation,hasMember_1_display,has_member_1_display
Observation,observation,hasMember_1_type,has_member_1_type
Observation,observation,hasMember_2_reference,has_member_2_reference
Observation,observation,hasMember_2_display,has_member_2_display
Observation,observation,hasMember_2_type,has_member_2_type
Observation,observation,focus_0_reference,focus_0_reference
Observation,observation,focus_0_display,focus_0_display
Observation,observation,focus_0_type,focus_0_type
Observation,observation,bodySite_coding_0_system,body_site_coding_0_system
Observation,observation,bodySite_coding_0_code,body_site_coding_0_code
Observation,observation,bodySite_coding_0_display,body_site_coding_0_display
Observation,observation,bodySite_text,body_site_text
Observation,observation,bodyStructure_reference,body_structure_reference
Observation,observation,bodyStructure_display,body_structure_display
Observation,observation,bodyStructure_type,body_structure_type
Observation,observation,triggeredBy_0_observation_reference,triggered_by_0_observation_reference
Observation,observation,triggeredBy_0_observation_display,triggered_by_0_observation_display
Observation,observation,triggeredBy_0_observation_type,triggered_by_0_observation_type
Observation,observation,triggeredBy_0_reason,triggered_by_0_reason
Observation,observation,triggeredBy_0_type,triggered_by_0_type
Observation,observation,category_0_coding_0_system,category_0_coding_0_system
Observation,observation,category_0_coding_0_code,category_0_coding_0_code
Observation,observation,category_0_coding_0_display,category_0_coding_0_display
Observation,observation,category_0_text,category_0_text
Observation,observation,code_coding_0_system,code_coding_0_system
Observation,observation,code_coding_0_code,code_coding_0_code
Observation,observation,code_coding_0_display,code_coding_0_display
Observation,observation,code_coding_1_system,code_coding_1_system
Observation,observation,code_coding_1_code,code_coding_1_code
Observation,observation,code_coding_1_display,code_coding_1_display
Observation,observation,code_text,code_text
Observation,observation,instantiatesCanonical_0,instantiates_canonical_0
Observation,observation,instantiatesReference_0_reference,instantiates_reference_0_reference
Observation,observation,instantiatesReference_0_display,instantiates_reference_0_display
Observation,observation,instantiatesReference_0_type,instantiates_reference_0_type
Observation,observation,method_coding_0_system,method_coding_0_system
Observation,observation,method_coding_0_code,method_coding_0_code
Observation,observation,method_coding_0_display,method_coding_0_display
Observation,observation,method_text,method_text
Observation,observation,valueQuantity_unit,value_quantity_unit
Observation,observation,valueQuantity_system,value_quantity_system
Observation,observation,valueQuantity_code,value_quantity_code
Observation,observation,valueQuantity_comparator,value_quantity_comparator
Observation,observation,valueCodeableConcept_coding_0_system,value_codeable_concept_coding_0_system
Observation,observation,valueCodeableConcept_coding_0_code,value_codeable_concept_coding_0_code
Observation,observation,valueCodeableConcept_coding_0_display,value_codeable_concept_coding_0_display
Observation,observation,valueCodeableConcept_coding_1_system,value_codeable_concept_coding_1_system
Observation,observation,valueCodeableConcept_coding_1_code,value_codeable_concept_coding_1_code
Observation,observation,valueCodeableConcept_coding_1_display,value_codeable_concept_coding_1_display
Observation,observation,valueCodeableConcept_text,value_codeable_concept_text
Observation,observation,valueString,value_string
Observation,observation,valueBoolean,value_boolean
Observation,observation,valueTime,value_time
Observation,observation,valueRange_low_unit,value_range_low_unit
Observation,observation,valueRange_high_unit,value_range_high_unit
Observation,observation,valueRatio_numerator_unit,value_ratio_numerator_unit
Observation,observation,valueRatio_denominator_unit,value_ratio_denominator_unit
Observation,observation,valuePeriod_start,value_period_start
Observation,observation,valuePeriod_end,value_period_end
Observation,observation,valueAttachment_contentType,value_attachment_content_type
Observation,observation,valueAttachment_creation,value_attachment_creation
Observation,observation,valueAttachment_url,value_attachment_url
Observation,observation,valueAttachment_title,value_attachment_title
Observation,observation,valueSampledData_data,value_sampled_data_data
Observation,observation,component_0_code_coding_0_system,component_0_code_coding_0_system
Observation,observation,component_0_code_coding_0_code,component_0_code_coding_0_code
Observation,observation,component_0_code_coding_0_display,component_0_code_coding_0_display
Observation,observation,component_0_valueQuantity_unit,component_0_value_quantity_unit
Observation,observation,component_0_valueQuantity_system,component_0_value_quantity_system
Observation,observation,component_0_valueQuantity_code,component_0_value_quantity_code
Observation,observation,component_0_interpretation_0_coding_0_system,component_0_interpretation_0_coding_0_system
Observation,observation,component_0_interpretation_0_coding_0_code,component_0_interpretation_0_coding_0_code
Observation,observation,component_0_interpretation_0_coding_0_display,component_0_interpretation_0_coding_0_display
Observation,observation,component_0_referenceRange_0_low_unit,component_0_reference_range_0_low_unit
Observation,observation,component_0_referenceRange_0_high_unit,component_0_reference_range_0_high_unit
Observation,observation,component_0_dataAbsentReason_coding_0_system,component_0_data_absent_reason_coding_0_system
Observation,observation,component_0_dataAbsentReason_coding_0_code,component_0_data_absent_reason_coding_0_code
Observation,observation,component_0_dataAbsentReason_coding_0_display,component_0_data_absent_reason_coding_0_display
Observation,observation,component_1_code_coding_0_system,component_1_code_coding_0_system
Observation,observation,component_1_code_coding_0_code,component_1_code_coding_0_code
Observation,observation,component_1_code_coding_0_display,component_1_code_coding_0_display
Observation,observation,component_1_valueQuantity_unit,component_1_value_quantity_unit
Observation,observation,component_1_valueQuantity_system,component_1_value_quantity_system
Observation,observation,component_1_valueQuantity_code,component_1_value_quantity_code
Observation,observation,component_1_interpretation_0_coding_0_system,component_1_interpretation_0_coding_0_system
Observation,observation,component_1_interpretation_0_coding_0_code,component_1_interpretation_0_coding_0_code
Observation,observation,component_1_interpretation_0_coding_0_display,component_1_interpretation_0_coding_0_display
Observation,observation,component_2_code_coding_0_system,component_2_code_coding_0_system
Observation,observation,component_2_code_coding_0_code,component_2_code_coding_0_code
Observation,observation,component_2_code_coding_0_display,component_2_code_coding_0_display
Observation,observation,component_2_valueQuantity_unit,component_2_value_quantity_unit
Observation,observation,component_2_valueQuantity_system,component_2_value_quantity_system
Observation,observation,component_2_valueQuantity_code,component_2_value_quantity_code
Observation,observation,referenceRange_0_high_unit,reference_range_0_high_unit
Observation,observation,referenceRange_0_high_code,reference_range_0_high_code
Observation,observation,referenceRange_0_high_system,reference_range_0_high_system
Observation,observation,referenceRange_0_low_unit,reference_range_0_low_unit
Observation,observation,referenceRange_0_low_code,reference_range_0_low_code
Observation,observation,referenceRange_0_low_system,reference_range_0_low_system
Observation,observation,referenceRange_0_text,reference_range_0_text
Observation,observation,referenceRange_0_type_coding_0_system,reference_range_0_type_coding_0_system
Observation,observation,referenceRange_0_type_coding_0_code,reference_range_0_type_coding_0_code
Observation,observation,referenceRange_0_type_coding_0_display,reference_range_0_type_coding_0_display
Observation,observation,referenceRange_0_appliesTo_0_coding_0_system,reference_range_0_applies_to_0_coding_0_system
Observation,observation,referenceRange_0_appliesTo_0_coding_0_code,reference_range_0_applies_to_0_coding_0_code
Observation,observation,referenceRange_0_appliesTo_0_coding_0_display,reference_range_0_applies_to_0_coding_0_display
Observation,observation,referenceRange_0_age_low_unit,reference_range_0_age_low_unit
Observation,observation,referenceRange_0_age_low_code,reference_range_0_age_low_code
Observation,observation,referenceRange_0_age_low_system,reference_range_0_age_low_system
Observation,observation,referenceRange_0_age_high_unit,reference_range_0_age_high_unit
Observation,observation,referenceRange_0_age_high_code,reference_range_0_age_high_code
Observation,observation,referenceRange_0_age_high_system,reference_range_0_age_high_system
Observation,observation,interpretation_0_coding_0_system,interpretation_0_coding_0_system
Observation,observation,interpretation_0_coding_0_code,interpretation_0_coding_0_code
Observation,observation,interpretation_0_coding_0_display,interpretation_0_coding_0_display
Observation,observation,interpretation_0_text,interpretation_0_text
Observation,observation,dataAbsentReason_coding_0_system,data_absent_reason_coding_0_system
Observation,observation,dataAbsentReason_coding_0_code,data_absent_reason_coding_0_code
Observation,observation,dataAbsentReason_coding_0_display,data_absent_reason_coding_0_display
Observation,observation,identifier_0_system,identifier_0_system
Observation,observation,identifier_0_value,identifier_0_value
Observation,observation,identifier_0_use,identifier_0_use
Observation,observation,identifier_0_period_start,identifier_0_period_start
Observation,observation,identifier_0_assigner_reference,identifier_0_assigner_reference
Observation,observation,note_0_text,note_0_text
Observation,observation,note_0_time,note_0_time
Observation,observation,note_0_authorReference_reference,note_0_author_reference_reference
Observation,observation,note_1_text,note_1_text
Observation,observation,identifier_0_assigner_display,identifier_0_assigner_display
Observation,observation,note_0_authorReference_display,note_0_author_reference_display
Observation,observation,valueAttachment_data,value_attachment_data
Observation,observation,valueAttachment_hash,value_attachment_hash
Observation,observation,identifier_0_period_end,identifier_0_period_end
Observation,observation,authored,authored
Observation,observation,code_coding_0_version,code_coding_0_version
Observation,observation,device_identifier,device_identifier
Observation,observation,encounter_identifier_system,encounter_identifier_system
Observation,observation,encounter_identifier_value,encounter_identifier_value
Observation,observation,meta_profile_1,meta_profile_1
Observation,observation,meta_profile_2,meta_profile_2
Observation,observation,meta_source,meta_source
Observation,observation,note_1_time,note_1_time
Observation,observation,note_2_text,note_2_text
Observation,observation,performer_0_identifier_system,performer_0_identifier_system
Observation,observation,performer_0_identifier_value,performer_0_identifier_value
Observation,observation,specimen_identifier_system,specimen_identifier_system
Observation,observation,specimen_identifier_value,specimen_identifier_value
Observation,observation,subject_identifier_system,subject_identifier_system
Observation,observation,subject_identifier_value,subject_identifier_value
Observation,observation,valueAttachment_language,value_attachment_language
Observation,observation,valueRange_high_code,value_range_high_code
Observation,observation,valueRange_high_system,value_range_high_system
Observation,observation,valueRange_low_code,value_range_low_code
Observation,observation,valueRange_low_system,value_range_low_system
Observation,observation,valueRatio_denominator_code,value_ratio_denominator_code
Observation,observation,valueRatio_denominator_system,value_ratio_denominator_system
Observation,observation,valueRatio_numerator_code,value_ratio_numerator_code
Observation,observation,valueRatio_numerator_system,value_ratio_numerator_system
Observation,observation,valueReference_display,value_reference_display
Observation,observation,valueReference_reference,value_reference_reference
Observation,observation,valueReference_type,value_reference_type
Patient,patient,,
Patient,patient,id,id
Patient,patient,resourceType,resource_type
Patient,patient,active,active
Patient,patient,gender,gender
Patient,patient,birth_date,birth_date
Patient,patient,marital_status,marital_status
Patient,patient,medical_record_number,medical_record_number
Patient,patient,name_0_use,name_0_use
Patient,patient,name_0_family,name_0_family
Patient,patient,name_0_given,name_0_given
Patient,patient,name_0_prefix,name_0_prefix
Patient,patient,name_1_use,name_1_use
Patient,patient,name_1_family,name_1_family
Patient,patient,name_1_given,name_1_given
Patient,patient,name_1_prefix,name_1_prefix
Patient,patient,address_0_use,address_0_use
Patient,patient,address_0_type,address_0_type
Patient,patient,address_0_line,address_0_line
Patient,patient,address_0_city,address_0_city
Patient,patient,address_0_district,address_0_district
Patient,patient,address_0_state,address_0_state
Patient,patient,address_0_postal_code,address_0_postal_code
Patient,patient,address_0_country,address_0_country
Patient,patient,address_1_use,address_1_use
Patient,patient,address_1_type,address_1_type
Patient,patient,address_1_line,address_1_line
Patient,patient,address_1_city,address_1_city
Patient,patient,address_1_district,address_1_district
Patient,patient,address_1_state,address_1_state
Patient,patient,address_1_postal_code,address_1_postal_code
Patient,patient,address_1_country,address_1_country
Patient,patient,generalPractitioner_0_reference,general_practitioner_0_reference
Patient,patient,generalPractitioner_0_display,general_practitioner_0_display
Patient,patient,generalPractitioner_1_reference,general_practitioner_1_reference
Patient,patient,generalPractitioner_1_display,general_practitioner_1_display
Patient,patient,managingOrganization_reference,managing_organization_reference
Patient,patient,managingOrganization_display,managing_organization_display
Patient,patient,race,race
Patient,patient,ethnicity,ethnicity
Patient,patient,createdAt,created_at
Patient,patient,updatedAt,updated_at
Patient,patient,isDeleted,is_deleted
Practitioner,practitioner,,
Practitioner,practitioner,id,id
Practitioner,practitioner,resourceType,resource_type
Practitioner,practitioner,meta_versionId,meta_version_id
Practitioner,practitioner,meta_lastUpdated,meta_last_updated
Practitioner,practitioner,meta_profile_0,meta_profile_0
Practitioner,practitioner,text_status,text_status
Practitioner,practitioner,text_div,text_div
Practitioner,practitioner,identifier_0_system,identifier_0_system
Practitioner,practitioner,identifier_0_value,identifier_0_value
Practitioner,practitioner,identifier_0_display,identifier_0_display
Practitioner,practitioner,identifier_1_system,identifier_1_system
Practitioner,practitioner,identifier_1_value,identifier_1_value
Practitioner,practitioner,identifier_1_display,identifier_1_display
Practitioner,practitioner,identifier_2_system,identifier_2_system
Practitioner,practitioner,identifier_2_value,identifier_2_value
Practitioner,practitioner,identifier_2_display,identifier_2_display
Practitioner,practitioner,active,active
Practitioner,practitioner,name_0_use,name_0_use
Practitioner,practitioner,name_0_family,name_0_family
Practitioner,practitioner,name_0_given_0,name_0_given_0
Practitioner,practitioner,name_0_prefix_0,name_0_prefix_0
Practitioner,practitioner,name_1_use,name_1_use
Practitioner,practitioner,name_1_family,name_1_family
Practitioner,practitioner,name_1_given_0,name_1_given_0
Practitioner,practitioner,name_1_given_1,name_1_given_1
Practitioner,practitioner,telecom_0_system,telecom_0_system
Practitioner,practitioner,telecom_0_value,telecom_0_value
Practitioner,practitioner,telecom_0_use,telecom_0_use
Practitioner,practitioner,telecom_1_system,telecom_1_system
Practitioner,practitioner,telecom_1_value,telecom_1_value
Practitioner,practitioner,telecom_1_use,telecom_1_use
Practitioner,practitioner,telecom_2_system,telecom_2_system
Practitioner,practitioner,telecom_2_value,telecom_2_value
Practitioner,practitioner,telecom_2_use,telecom_2_use
Practitioner,practitioner,address_0_use,address_0_use
Practitioner,practitioner,address_0_type,address_0_type
Practitioner,practitioner,address_0_text,address_0_text
Practitioner,practitioner,address_0_line_0,address_0_line_0
Practitioner,practitioner,address_0_line_1,address_0_line_1
Practitioner,practitioner,address_0_city,address_0_city
Practitioner,practitioner,address_0_state,address_0_state
Practitioner,practitioner,address_0_postalCode,address_0_postal_code
Practitioner,practitioner,address_0_country,address_0_country
Practitioner,practitioner,gender,gender
Practitioner,practitioner,birthDate,birth_date
Practitioner,practitioner,qualification_0_identifier_0_system,qualification_0_identifier_0_system
Practitioner,practitioner,qualification_0_identifier_0_value,qualification_0_identifier_0_value
Practitioner,practitioner,qualification_0_code_coding_0_system,qualification_0_code_coding_0_system
Practitioner,practitioner,qualification_0_code_coding_0_code,qualification_0_code_coding_0_code
Practitioner,practitioner,qualification_0_code_coding_0_display,qualification_0_code_coding_0_display
Practitioner,practitioner,qualification_0_code_text,qualification_0_code_text
Practitioner,practitioner,qualification_0_period_start,qualification_0_period_start
Practitioner,practitioner,qualification_0_period_end,qualification_0_period_end
Practitioner,practitioner,qualification_0_issuer_display,qualification_0_issuer_display
Practitioner,practitioner,qualification_1_code_coding_0_system,qualification_1_code_coding_0_system
Practitioner,practitioner,qualification_1_code_coding_0_code,qualification_1_code_coding_0_code
Practitioner,practitioner,qualification_1_code_coding_0_display,qualification_1_code_coding_0_display
Practitioner,practitioner,qualification_1_code_text,qualification_1_code_text
Practitioner,practitioner,qualification_1_period_start,qualification_1_period_start
Practitioner,practitioner,qualification_1_period_end,qualification_1_period_end
Practitioner,practitioner,qualification_1_issuer_display,qualification_1_issuer_display
Practitioner,practitioner,communication_0_language_coding_0_system,communication_0_language_coding_0_system
Practitioner,practitioner,communication_0_language_coding_0_code,communication_0_language_coding_0_code
Practitioner,practitioner,communication_0_language_coding_0_display,communication_0_language_coding_0_display
Practitioner,practitioner,communication_0_preferred,communication_0_preferred
Practitioner,practitioner,communication_1_language_coding_0_system,communication_1_language_coding_0_system
Practitioner,practitioner,communication_1_language_coding_0_code,communication_1_language_coding_0_code
Practitioner,practitioner,communication_1_language_coding_0_display,communication_1_language_coding_0_display
Practitioner,practitioner,communication_1_preferred,communication_1_preferred
Practitioner,practitioner,createdAt,created_at
Practitioner,practitioner,updatedAt,updated_at
Practitioner,practitioner,isDeleted,is_deleted
Procedure,procedure,,
Procedure,procedure,id,id
Procedure,procedure,resourceType,resource_type
Procedure,procedure,status,status
Procedure,procedure,category_0_coding_0_system,category_0_coding_0_system
Procedure,procedure,category_0_coding_0_code,category_0_coding_0_code
Procedure,procedure,category_0_coding_0_display,category_0_coding_0_display
Procedure,procedure,category_0_text,category_0_text
Procedure,procedure,code_coding_0_system,code_coding_0_system
Procedure,procedure,code_coding_0_code,code_coding_0_code
Procedure,procedure,code_coding_0_display,code_coding_0_display
Procedure,procedure,code_coding_1_system,code_coding_1_system
Procedure,procedure,code_coding_1_code,code_coding_1_code
Procedure,procedure,code_coding_1_display,code_coding_1_display
Procedure,procedure,code_text,code_text
Procedure,procedure,subject_reference,subject_reference
Procedure,procedure,subject_display,subject_display
Procedure,procedure,encounter_reference,encounter_reference
Procedure,procedure,encounter_display,encounter_display
Procedure,procedure,occurrencePeriod_start,occurrence_period_start
Procedure,procedure,occurrencePeriod_end,occurrence_period_end
Procedure,procedure,occurrenceDateTime,occurrence_date_time
Procedure,procedure,recorded,recorded
Procedure,procedure,recorder_reference,recorder_reference
Procedure,procedure,recorder_display,recorder_display
Procedure,procedure,performer_0_actor_reference,performer_0_actor_reference
Procedure,procedure,performer_0_actor_display,performer_0_actor_display
Procedure,procedure,performer_0_function_coding_0_system,performer_0_function_coding_0_system
Procedure,procedure,performer_0_function_coding_0_code,performer_0_function_coding_0_code
Procedure,procedure,performer_0_function_coding_0_display,performer_0_function_coding_0_display
Procedure,procedure,performer_1_actor_reference,performer_1_actor_reference
Procedure,procedure,performer_1_actor_display,performer_1_actor_display
Procedure,procedure,performer_1_function_coding_0_system,performer_1_function_coding_0_system
Procedure,procedure,performer_1_function_coding_0_code,performer_1_function_coding_0_code
Procedure,procedure,performer_1_function_coding_0_display,performer_1_function_coding_0_display
Procedure,procedure,location_reference,location_reference
Procedure,procedure,location_display,location_display
Procedure,procedure,reason_0_concept_coding_0_system,reason_0_concept_coding_0_system
Procedure,procedure,reason_0_concept_coding_0_code,reason_0_concept_coding_0_code
Procedure,procedure,reason_0_concept_coding_0_display,reason_0_concept_coding_0_display
Procedure,procedure,reason_0_concept_text,reason_0_concept_text
Procedure,procedure,reason_0_reference_reference,reason_0_reference_reference
Procedure,procedure,reason_0_reference_display,reason_0_reference_display
Procedure,procedure,bodySite_0_coding_0_system,body_site_0_coding_0_system
Procedure,procedure,bodySite_0_coding_0_code,body_site_0_coding_0_code
Procedure,procedure,bodySite_0_coding_0_display,body_site_0_coding_0_display
Procedure,procedure,bodySite_0_coding_1_system,body_site_0_coding_1_system
Procedure,procedure,bodySite_0_coding_1_code,body_site_0_coding_1_code
Procedure,procedure,bodySite_0_coding_1_display,body_site_0_coding_1_display
Procedure,procedure,bodySite_0_text,body_site_0_text
Procedure,procedure,usedCode_0_concept_coding_0_system,used_code_0_concept_coding_0_system
Procedure,procedure,usedCode_0_concept_coding_0_code,used_code_0_concept_coding_0_code
Procedure,procedure,usedCode_0_concept_coding_0_display,used_code_0_concept_coding_0_display
Procedure,procedure,usedCode_0_concept_text,used_code_0_concept_text
Procedure,procedure,report_0_reference,report_0_reference
Procedure,procedure,report_0_display,report_0_display
Procedure,procedure,statusReason_coding_0_system,status_reason_coding_0_system
Procedure,procedure,statusReason_coding_0_code,status_reason_coding_0_code
Procedure,procedure,statusReason_coding_0_display,status_reason_coding_0_display
Procedure,procedure,outcome_coding_0_system,outcome_coding_0_system
Procedure,procedure,outcome_coding_0_code,outcome_coding_0_code
Procedure,procedure,outcome_coding_0_display,outcome_coding_0_display
Procedure,procedure,outcome_text,outcome_text
Procedure,procedure,note_0_text,note_0_text
Procedure,procedure,note_0_time,note_0_time
Procedure,procedure,createdAt,created_at
Procedure,procedure,updatedAt,updated_at
Procedure,procedure,isDeleted,is_deleted
Task,task,,
Task,task,id,id
Task,task,resourceType,resource_type
Task,task,meta_versionId,meta_version_id
Task,task,meta_lastUpdated,meta_last_updated
Task,task,meta_source,meta_source
Task,task,meta_profile_0,meta_profile_0
Task,task,meta_security_0_system,meta_security_0_system
Task,task,meta_security_0_code,meta_security_0_code
Task,task,meta_security_0_display,meta_security_0_display
Task,task,meta_tag_0_system,meta_tag_0_system
Task,task,meta_tag_0_code,meta_tag_0_code
Task,task,meta_tag_0_display,meta_tag_0_display
Task,task,text_status,text_status
Task,task,text_div,text_div
Task,task,identifier_0_use,identifier_0_use
Task,task,identifier_0_type_coding_0_system,identifier_0_type_coding_0_system
Task,task,identifier_0_type_coding_0_code,identifier_0_type_coding_0_code
Task,task,identifier_0_type_coding_0_display,identifier_0_type_coding_0_display
Task,task,identifier_0_system,identifier_0_system
Task,task,identifier_0_value,identifier_0_value
Task,task,identifier_0_period_start,identifier_0_period_start
Task,task,identifier_0_period_end,identifier_0_period_end
Task,task,identifier_0_assigner_display,identifier_0_assigner_display
Task,task,status,status
Task,task,statusReason_coding_0_system,status_reason_coding_0_system
Task,task,statusReason_coding_0_code,status_reason_coding_0_code
Task,task,statusReason_coding_0_display,status_reason_coding_0_display
Task,task,statusReason_text,status_reason_text
Task,task,businessStatus_coding_0_system,business_status_coding_0_system
Task,task,businessStatus_coding_0_code,business_status_coding_0_code
Task,task,businessStatus_coding_0_display,business_status_coding_0_display
Task,task,businessStatus_text,business_status_text
Task,task,intent,intent
Task,task,priority,priority
Task,task,code_coding_0_system,code_coding_0_system
Task,task,code_coding_0_code,code_coding_0_code
Task,task,code_coding_0_display,code_coding_0_display
Task,task,code_text,code_text
Task,task,description,description
Task,task,focus_reference,focus_reference
Task,task,focus_display,focus_display
Task,task,focus_type_coding_0_system,focus_type_coding_0_system
Task,task,focus_type_coding_0_code,focus_type_coding_0_code
Task,task,basedOn_0_reference,based_on_0_reference
Task,task,basedOn_0_display,based_on_0_display
Task,task,dependency_0_reference,dependency_0_reference
Task,task,dependency_0_display,dependency_0_display
Task,task,for_reference,for_reference
Task,task,for_display,for_display
Task,task,encounter_reference,encounter_reference
Task,task,encounter_display,encounter_display
Task,task,authoredOn,authored_on
Task,task,lastModified,last_modified
Task,task,requester_reference,requester_reference
Task,task,requester_display,requester_display
Task,task,requester_onBehalfOf_reference,requester_on_behalf_of_reference
Task,task,requester_onBehalfOf_display,requester_on_behalf_of_display
Task,task,owner_reference,owner_reference
Task,task,owner_display,owner_display
Task,task,reasonCode_0_coding_0_system,reason_code_0_coding_0_system
Task,task,reasonCode_0_coding_0_code,reason_code_0_coding_0_code
Task,task,reasonCode_0_coding_0_display,reason_code_0_coding_0_display
Task,task,reasonCode_0_text,reason_code_0_text
Task,task,reasonReference_0_reference,reason_reference_0_reference
Task,task,reasonReference_0_display,reason_reference_0_display
Task,task,executionPeriod_start,execution_period_start
Task,task,executionPeriod_end,execution_period_end
Task,task,scheduledTiming_event_0,scheduled_timing_event_0
Task,task,scheduledTiming_repeat_boundsDuration_unit,scheduled_timing_repeat_bounds_duration_unit
Task,task,scheduledTiming_repeat_boundsDuration_system,scheduled_timing_repeat_bounds_duration_system
Task,task,scheduledTiming_repeat_boundsDuration_code,scheduled_timing_repeat_bounds_duration_code
Task,task,scheduledTiming_repeat_periodUnit,scheduled_timing_repeat_period_unit
Task,task,input_0_type_coding_0_system,input_0_type_coding_0_system
Task,task,input_0_type_coding_0_code,input_0_type_coding_0_code
Task,task,input_0_valueReference_reference,input_0_value_reference_reference
Task,task,input_0_valueReference_display,input_0_value_reference_display
Task,task,input_0_valueCodeableConcept_coding_0_system,input_0_value_codeable_concept_coding_0_system
Task,task,input_0_valueCodeableConcept_coding_0_code,input_0_value_codeable_concept_coding_0_code
Task,task,output_0_type_coding_0_system,output_0_type_coding_0_system
Task,task,output_0_type_coding_0_code,output_0_type_coding_0_code
Task,task,output_0_valueReference_reference,output_0_value_reference_reference
Task,task,output_0_valueReference_display,output_0_value_reference_display
Task,task,note_0_authorReference_reference,note_0_author_reference_reference
Task,task,note_0_authorReference_display,note_0_author_reference_display
Task,task,note_0_time,note_0_time
Task,task,note_0_text,note_0_text
Task,task,relevantHistory_0_reference,relevant_history_0_reference
Task,task,relevantHistory_0_display,relevant_history_0_display
Task,task,createdAt,created_at
Task,task,updatedAt,updated_at
Task,task,isDeleted,is_deleted
